-- phpMyAdmin SQL Dump
-- version 4.7.4
-- https://www.phpmyadmin.net/
--
-- Host: 127.0.0.1
-- Generation Time: Jan 17, 2018 at 09:44 AM
-- Server version: 10.1.26-MariaDB
-- PHP Version: 7.1.9

SET SQL_MODE = "NO_AUTO_VALUE_ON_ZERO";
SET AUTOCOMMIT = 0;
START TRANSACTION;
SET time_zone = "+00:00";


/*!40101 SET @OLD_CHARACTER_SET_CLIENT=@@CHARACTER_SET_CLIENT */;
/*!40101 SET @OLD_CHARACTER_SET_RESULTS=@@CHARACTER_SET_RESULTS */;
/*!40101 SET @OLD_COLLATION_CONNECTION=@@COLLATION_CONNECTION */;
/*!40101 SET NAMES utf8mb4 */;

--
-- Database: `watcher`
--

-- --------------------------------------------------------

--
-- Table structure for table `tbl_cart`
--

CREATE TABLE `tbl_cart` (
  `id` int(11) NOT NULL,
  `product_id` int(11) NOT NULL,
  `quantity` int(11) NOT NULL,
  `member_id` int(11) NOT NULL
) ENGINE=InnoDB DEFAULT CHARSET=latin1;

--
-- Dumping data for table `tbl_cart`
--

INSERT INTO `tbl_cart` (`id`, `product_id`, `quantity`, `member_id`) VALUES
(14, 1, 1, 1),
(15, 2, 1, 1),
(16, 3, 1, 1),
(17, 7, 1, 1),
(18, 8, 1, 1),
(19, 9, 1, 1);

-- --------------------------------------------------------

--
-- Table structure for table `tbl_order`
--

CREATE TABLE `tbl_order` (
  `id` int(11) NOT NULL,
  `customer_id` int(11) NOT NULL,
  `amount` double NOT NULL,
  `name` varchar(255) NOT NULL,
  `address` varchar(255) NOT NULL,
  `city` varchar(255) NOT NULL,
  `state` varchar(255) NOT NULL,
  `zip` varchar(255) NOT NULL,
  `country` varchar(255) NOT NULL,
  `payment_type` varchar(255) NOT NULL,
  `order_status` varchar(255) NOT NULL,
  `order_at` datetime NOT NULL
) ENGINE=InnoDB DEFAULT CHARSET=latin1;

--
-- Dumping data for table `tbl_order`
--

INSERT INTO `tbl_order` (`id`, `customer_id`, `amount`, `name`, `address`, `city`, `state`, `zip`, `country`, `payment_type`, `order_status`, `order_at`) VALUES
(1, 1, 1500, 'Julian Stampfli', 'Talstrasse 26', 'Münchenbuchsee', '', '3053', '', 'Invoice', 'PENDING', '2018-01-16 17:53:22'),
(2, 1, 3800, 'Julian Stampfli', 'Talstrasse 26', 'Münchenbuchsee', '', '3053', '', 'Invoice', 'PENDING', '2018-01-16 19:57:21');

-- --------------------------------------------------------

--
-- Table structure for table `tbl_order_item`
--

CREATE TABLE `tbl_order_item` (
  `id` int(11) NOT NULL,
  `order_id` int(11) NOT NULL,
  `product_id` int(11) NOT NULL,
  `item_price` double NOT NULL,
  `quantity` int(11) NOT NULL
) ENGINE=InnoDB DEFAULT CHARSET=latin1;

--
-- Dumping data for table `tbl_order_item`
--

INSERT INTO `tbl_order_item` (`id`, `order_id`, `product_id`, `item_price`, `quantity`) VALUES
(1, 1, 1, 1500, 1),
(2, 2, 2, 800, 1),
(3, 2, 1, 1500, 1),
(4, 2, 7, 1500, 1);

-- --------------------------------------------------------

--
-- Table structure for table `tbl_payment`
--

CREATE TABLE `tbl_payment` (
  `id` int(11) NOT NULL,
  `order_id` int(11) NOT NULL,
  `payment_status` varchar(255) NOT NULL,
  `payment_response` text NOT NULL,
  `create_at` timestamp NOT NULL DEFAULT CURRENT_TIMESTAMP ON UPDATE CURRENT_TIMESTAMP
) ENGINE=InnoDB DEFAULT CHARSET=latin1;

-- --------------------------------------------------------

--
-- Table structure for table `tbl_product`
--

CREATE TABLE `tbl_product` (
  `id` int(8) NOT NULL,
  `name` varchar(255) NOT NULL,
  `code` varchar(255) NOT NULL,
  `image` text NOT NULL,
  `price` double(10,2) NOT NULL
) ENGINE=InnoDB DEFAULT CHARSET=latin1;

--
-- Dumping data for table `tbl_product`
--

INSERT INTO `tbl_product` (`id`, `name`, `code`, `image`, `price`) VALUES
(1, 'Swatch Trueville', 'SwTru', 'swatchTrueville.jpg', 150.00),
(2, 'Rolex Sky-Dweller', 'RoSky', 'rolexSkydweller.jpg', 38000.00),
(3, 'Breitling Navitimer', 'breNav', 'breitlingNavitimer.jpg', 27000.00),
(7, 'Casio G-Steel', 'CaGSteel', 'casioGSteel.jpg', 450.00),
(8, 'Tissot Powermatic 80', 'TiPo', 'tissotPowermatic.jpg', 670.00),
(9, 'Omega Planet Ocean Deep Black', 'OmPODB', 'omegaPlanetOceanDeepBlack.jpg', 5000.00);

-- --------------------------------------------------------

--
-- Table structure for table `user`
--

CREATE TABLE `user` (
  `ID` int(11) NOT NULL,
  `Firstname` varchar(50) COLLATE utf8_bin NOT NULL,
  `Lastname` varchar(50) COLLATE utf8_bin NOT NULL,
  `AddressLine` varchar(100) COLLATE utf8_bin DEFAULT NULL,
  `PLZ` int(11) DEFAULT NULL,
  `City` varchar(50) COLLATE utf8_bin DEFAULT NULL,
  `Email` varchar(250) COLLATE utf8_bin DEFAULT NULL,
  `Password` varchar(255) COLLATE utf8_bin NOT NULL,
  `Activated` tinyint(1) NOT NULL DEFAULT '1',
  `ActivationHash` varchar(100) COLLATE utf8_bin DEFAULT NULL,
  `IsAdmin` tinyint(1) NOT NULL DEFAULT '0',
  `CreationDate` datetime NOT NULL DEFAULT CURRENT_TIMESTAMP
) ENGINE=InnoDB DEFAULT CHARSET=utf8 COLLATE=utf8_bin;

--
-- Dumping data for table `user`
--

INSERT INTO `user` (`ID`, `Firstname`, `Lastname`, `AddressLine`, `PLZ`, `City`, `Email`, `Password`, `Activated`, `ActivationHash`, `IsAdmin`, `CreationDate`) VALUES
(1, 'Julian', 'Stampfli', 'Talstrasse 26', 3053, 'Münchenbuchsee', 'julianstampfli4@gmail.com', '$2y$10$lYogwzj6be53pNfxhPvaRulXnS3E9Ic04L3E3c3OBlwsJmR5UGsTS', 1, '', 1, '2018-01-16 15:45:33');

--
-- Indexes for dumped tables
--

--
-- Indexes for table `tbl_cart`
--
ALTER TABLE `tbl_cart`
  ADD PRIMARY KEY (`id`);

--
-- Indexes for table `tbl_order`
--
ALTER TABLE `tbl_order`
  ADD PRIMARY KEY (`id`);

--
-- Indexes for table `tbl_order_item`
--
ALTER TABLE `tbl_order_item`
  ADD PRIMARY KEY (`id`);

--
-- Indexes for table `tbl_payment`
--
ALTER TABLE `tbl_payment`
  ADD PRIMARY KEY (`id`);

--
-- Indexes for table `tbl_product`
--
ALTER TABLE `tbl_product`
  ADD PRIMARY KEY (`id`),
  ADD UNIQUE KEY `product_code` (`code`);

--
-- Indexes for table `user`
--
ALTER TABLE `user`
  ADD PRIMARY KEY (`ID`);

--
-- AUTO_INCREMENT for dumped tables
--

--
-- AUTO_INCREMENT for table `tbl_cart`
--
ALTER TABLE `tbl_cart`
  MODIFY `id` int(11) NOT NULL AUTO_INCREMENT, AUTO_INCREMENT=20;

--
-- AUTO_INCREMENT for table `tbl_order`
--
ALTER TABLE `tbl_order`
  MODIFY `id` int(11) NOT NULL AUTO_INCREMENT, AUTO_INCREMENT=3;

--
-- AUTO_INCREMENT for table `tbl_order_item`
--
ALTER TABLE `tbl_order_item`
  MODIFY `id` int(11) NOT NULL AUTO_INCREMENT, AUTO_INCREMENT=5;

--
-- AUTO_INCREMENT for table `tbl_payment`
--
ALTER TABLE `tbl_payment`
  MODIFY `id` int(11) NOT NULL AUTO_INCREMENT;

--
-- AUTO_INCREMENT for table `tbl_product`
--
ALTER TABLE `tbl_product`
  MODIFY `id` int(8) NOT NULL AUTO_INCREMENT, AUTO_INCREMENT=11;

--
-- AUTO_INCREMENT for table `user`
--
ALTER TABLE `user`
  MODIFY `ID` int(11) NOT NULL AUTO_INCREMENT, AUTO_INCREMENT=2;
COMMIT;

/*!40101 SET CHARACTER_SET_CLIENT=@OLD_CHARACTER_SET_CLIENT */;
/*!40101 SET CHARACTER_SET_RESULTS=@OLD_CHARACTER_SET_RESULTS */;
/*!40101 SET COLLATION_CONNECTION=@OLD_COLLATION_CONNECTION */;
